{
  "pq": {
    "avg_time": 0.0009032392501831055,
    "recall": 0.42740000000000006
  },
  "lsh": {
    "avg_time": 0.00010773277282714843,
    "recall": 0.0006000000000000001
  },
  "faiss": {
    "avg_time": 0.00020914554595947266,
    "recall": 1.0
  }
}