{
  "pq": {
    "avg_time": 0.0009528846740722656,
    "recall": 0.42740000000000006
  },
  "lsh": {
    "avg_time": 5.9026718139648436e-05,
    "recall": 0.0006000000000000001
  },
  "faiss": {
    "avg_time": 0.00025091934204101563,
    "recall": 1.0
  }
}