{
  "pq": {
    "avg_time": 0.0009197697639465332,
    "recall": 0.42740000000000006
  },
  "lsh": {
    "avg_time": 8.698701858520508e-05,
    "recall": 0.0006000000000000001
  },
  "faiss": {
    "avg_time": 0.00020986080169677735,
    "recall": 1.0
  }
}