{
  "pq": {
    "avg_time": 0.0009351282119750977,
    "recall": 0.42740000000000006
  },
  "lsh": {
    "avg_time": 4.7942161560058595e-05,
    "recall": 0.0006000000000000001
  },
  "faiss": {
    "avg_time": 0.0002357625961303711,
    "recall": 1.0
  }
}