{
  "pq": {
    "avg_time": 0.0009409160614013671,
    "recall": 0.42740000000000006
  },
  "lsh": {
    "avg_time": 0.0001384568214416504,
    "recall": 0.0006000000000000001
  },
  "faiss": {
    "avg_time": 0.0002118678092956543,
    "recall": 1.0
  }
}