{
  "pq": {
    "avg_time": 0.0009549269676208496,
    "recall": 0.42740000000000006
  },
  "lsh": {
    "avg_time": 4.432201385498047e-05,
    "recall": 0.0006000000000000001
  },
  "faiss": {
    "avg_time": 0.000226531982421875,
    "recall": 1.0
  }
}