{
  "pq": {
    "avg_time": 0.0009318251609802247,
    "recall": 0.42740000000000006
  },
  "lsh": {
    "avg_time": 5.23519515991211e-05,
    "recall": 0.0006000000000000001
  },
  "faiss": {
    "avg_time": 0.00023012733459472657,
    "recall": 1.0
  }
}