{
  "pq": {
    "avg_time": 0.000946779727935791,
    "recall": 0.42740000000000006
  },
  "lsh": {
    "avg_time": 7.96041488647461e-05,
    "recall": 0.0006000000000000001
  },
  "faiss": {
    "avg_time": 0.00021779870986938477,
    "recall": 1.0
  }
}