{
  "pq": {
    "avg_time": 0.0009126405715942382,
    "recall": 0.42740000000000006
  },
  "lsh": {
    "avg_time": 0.00019254016876220703,
    "recall": 0.0006000000000000001
  },
  "faiss": {
    "avg_time": 0.00019244194030761718,
    "recall": 1.0
  }
}