{
  "pq": {
    "avg_time": 0.000982891321182251,
    "recall": 0.4155
  },
  "lsh": {
    "avg_time": 3.176689147949219e-05,
    "recall": 0.0005
  },
  "faiss": {
    "avg_time": 0.0002895176410675049,
    "recall": 1.0
  }
}